PRAGMA foreign_keys=OFF;
BEGIN TRANSACTION;
CREATE TABLE dividend_events (
	id INTEGER NOT NULL, 
	symbol VARCHAR, 
	ex_date DATE, 
	pay_date DATE, 
	record_date DATE, 
	amount FLOAT NOT NULL, 
	source VARCHAR, 
	created_at DATETIME NOT NULL, 
	PRIMARY KEY (id), 
	CONSTRAINT uq_div_symbol_ex_amount UNIQUE (symbol, ex_date, amount)
);
INSERT INTO dividend_events VALUES(1,'AAPL','2025-08-11','2025-08-14','2025-08-11',0.2600000000000000088,'polygon','2025-10-14 19:57:36.190950');
INSERT INTO dividend_events VALUES(2,'AAPL','2025-05-12','2025-05-15','2025-05-12',0.2600000000000000088,'polygon','2025-10-14 19:57:36.194197');
INSERT INTO dividend_events VALUES(3,'AAPL','2025-02-10','2025-02-13','2025-02-10',0.25,'polygon','2025-10-14 19:57:36.194759');
INSERT INTO dividend_events VALUES(4,'AAPL','2024-11-08','2024-11-14','2024-11-11',0.25,'polygon','2025-10-14 19:57:36.195913');
INSERT INTO dividend_events VALUES(5,'AAPL','2024-08-12','2024-08-15','2024-08-12',0.25,'polygon','2025-10-14 19:57:36.196391');
INSERT INTO dividend_events VALUES(6,'AAPL','2024-05-10','2024-05-16','2024-05-13',0.25,'polygon','2025-10-14 19:57:36.196846');
INSERT INTO dividend_events VALUES(7,'AAPL','2024-02-09','2024-02-15','2024-02-12',0.2399999999999999912,'polygon','2025-10-14 19:57:36.197301');
INSERT INTO dividend_events VALUES(8,'AAPL','2023-11-10','2023-11-16','2023-11-13',0.2399999999999999912,'polygon','2025-10-14 19:57:36.197764');
INSERT INTO dividend_events VALUES(9,'AAPL','2023-08-11','2023-08-17','2023-08-14',0.2399999999999999912,'polygon','2025-10-14 19:57:36.198223');
INSERT INTO dividend_events VALUES(10,'AAPL','2023-05-12','2023-05-18','2023-05-15',0.2399999999999999912,'polygon','2025-10-14 19:57:36.198684');
INSERT INTO dividend_events VALUES(11,'AAPL','2023-02-10','2023-02-16','2023-02-13',0.2300000000000000099,'polygon','2025-10-14 19:57:36.199149');
INSERT INTO dividend_events VALUES(12,'AAPL','2022-11-04','2022-11-10','2022-11-07',0.2300000000000000099,'polygon','2025-10-14 19:57:36.199608');
INSERT INTO dividend_events VALUES(13,'AAPL','2022-08-05','2022-08-11','2022-08-08',0.2300000000000000099,'polygon','2025-10-14 19:57:36.200061');
INSERT INTO dividend_events VALUES(14,'AAPL','2022-05-06','2022-05-12','2022-05-09',0.2300000000000000099,'polygon','2025-10-14 19:57:36.200506');
INSERT INTO dividend_events VALUES(15,'AAPL','2022-02-04','2022-02-10','2022-02-07',0.2200000000000000011,'polygon','2025-10-14 19:57:36.200951');
INSERT INTO dividend_events VALUES(16,'AAPL','2021-11-05','2021-11-11','2021-11-08',0.2200000000000000011,'polygon','2025-10-14 19:57:36.201397');
INSERT INTO dividend_events VALUES(17,'AAPL','2021-08-06','2021-08-12','2021-08-09',0.2200000000000000011,'polygon','2025-10-14 19:57:36.201838');
INSERT INTO dividend_events VALUES(18,'AAPL','2021-05-07','2021-05-13','2021-05-10',0.2200000000000000011,'polygon','2025-10-14 19:57:36.202280');
INSERT INTO dividend_events VALUES(19,'AAPL','2021-02-05','2021-02-11','2021-02-08',0.2049999999999999878,'polygon','2025-10-14 19:57:36.202717');
INSERT INTO dividend_events VALUES(20,'AAPL','2020-11-06','2020-11-12','2020-11-09',0.2049999999999999878,'polygon','2025-10-14 19:57:36.203158');
INSERT INTO dividend_events VALUES(21,'AAPL','2020-08-07','2020-08-13','2020-08-10',0.8199999999999999512,'polygon','2025-10-14 19:57:36.203598');
INSERT INTO dividend_events VALUES(22,'AAPL','2020-05-08','2020-05-14','2020-05-11',0.8199999999999999512,'polygon','2025-10-14 19:57:36.204032');
INSERT INTO dividend_events VALUES(23,'AAPL','2020-02-07','2020-02-13','2020-02-10',0.7700000000000000177,'polygon','2025-10-14 19:57:36.204475');
INSERT INTO dividend_events VALUES(24,'AAPL','2019-11-07','2019-11-14','2019-11-11',0.7700000000000000177,'polygon','2025-10-14 19:57:36.204917');
INSERT INTO dividend_events VALUES(25,'AAPL','2019-08-09','2019-08-15','2019-08-12',0.7700000000000000177,'polygon','2025-10-14 19:57:36.205365');
INSERT INTO dividend_events VALUES(26,'AAPL','2019-05-10','2019-05-16','2019-05-13',0.7700000000000000177,'polygon','2025-10-14 19:57:36.206142');
INSERT INTO dividend_events VALUES(27,'AAPL','2019-02-08','2019-02-14','2019-02-11',0.7299999999999999823,'polygon','2025-10-14 19:57:36.206785');
INSERT INTO dividend_events VALUES(28,'AAPL','2018-11-08','2018-11-15','2018-11-12',0.7299999999999999823,'polygon','2025-10-14 19:57:36.207288');
INSERT INTO dividend_events VALUES(29,'AAPL','2018-08-10','2018-08-16','2018-08-13',0.7299999999999999823,'polygon','2025-10-14 19:57:36.207768');
INSERT INTO dividend_events VALUES(30,'AAPL','2018-05-11','2018-05-17','2018-05-14',0.7299999999999999823,'polygon','2025-10-14 19:57:36.208243');
INSERT INTO dividend_events VALUES(31,'AAPL','2018-02-09','2018-02-15','2018-02-12',0.6300000000000000044,'polygon','2025-10-14 19:57:36.208707');
INSERT INTO dividend_events VALUES(32,'AAPL','2017-11-10','2017-11-16','2017-11-13',0.6300000000000000044,'polygon','2025-10-14 19:57:36.209164');
INSERT INTO dividend_events VALUES(33,'AAPL','2017-08-10','2017-08-17','2017-08-14',0.6300000000000000044,'polygon','2025-10-14 19:57:36.209619');
INSERT INTO dividend_events VALUES(34,'AAPL','2017-05-11','2017-05-18','2017-05-15',0.6300000000000000044,'polygon','2025-10-14 19:57:36.210157');
INSERT INTO dividend_events VALUES(35,'AAPL','2017-02-09','2017-02-16','2017-02-13',0.5699999999999999512,'polygon','2025-10-14 19:57:36.210787');
INSERT INTO dividend_events VALUES(36,'AAPL','2016-11-03','2016-11-10','2016-11-07',0.5699999999999999512,'polygon','2025-10-14 19:57:36.211358');
INSERT INTO dividend_events VALUES(37,'AAPL','2016-08-04','2016-08-11','2016-08-08',0.5699999999999999512,'polygon','2025-10-14 19:57:36.211885');
INSERT INTO dividend_events VALUES(38,'AAPL','2016-05-05','2016-05-12','2016-05-09',0.5699999999999999512,'polygon','2025-10-14 19:57:36.212388');
INSERT INTO dividend_events VALUES(39,'AAPL','2016-02-04','2016-02-11','2016-02-08',0.5200000000000000177,'polygon','2025-10-14 19:57:36.212896');
INSERT INTO dividend_events VALUES(40,'AAPL','2015-11-05','2015-11-12','2015-11-09',0.5200000000000000177,'polygon','2025-10-14 19:57:36.213374');
INSERT INTO dividend_events VALUES(41,'AAPL','2015-08-06','2015-08-13','2015-08-10',0.5200000000000000177,'polygon','2025-10-14 19:57:36.213820');
INSERT INTO dividend_events VALUES(42,'AAPL','2015-05-07','2015-05-14','2015-05-11',0.5200000000000000177,'polygon','2025-10-14 19:57:36.214256');
INSERT INTO dividend_events VALUES(43,'AAPL','2015-02-05','2015-02-12','2015-02-09',0.4699999999999999734,'polygon','2025-10-14 19:57:36.216256');
INSERT INTO dividend_events VALUES(44,'AAPL','2014-11-06','2014-11-13','2014-11-10',0.4699999999999999734,'polygon','2025-10-14 19:57:36.218216');
INSERT INTO dividend_events VALUES(45,'AAPL','2014-08-07','2014-08-14','2014-08-11',0.4699999999999999734,'polygon','2025-10-14 19:57:36.218827');
INSERT INTO dividend_events VALUES(46,'AAPL','2014-05-08','2014-05-15','2014-05-12',3.290000000000000035,'polygon','2025-10-14 19:57:36.219337');
INSERT INTO dividend_events VALUES(47,'AAPL','2014-02-06','2014-02-13','2014-02-10',3.049999999999999823,'polygon','2025-10-14 19:57:36.219824');
INSERT INTO dividend_events VALUES(48,'AAPL','2013-11-06','2013-11-14','2013-11-11',3.049999999999999823,'polygon','2025-10-14 19:57:36.220383');
INSERT INTO dividend_events VALUES(49,'AAPL','2013-08-08','2013-08-15','2013-08-12',3.049999999999999823,'polygon','2025-10-14 19:57:36.220863');
INSERT INTO dividend_events VALUES(50,'AAPL','2013-05-09','2013-05-16','2013-05-13',3.049999999999999823,'polygon','2025-10-14 19:57:36.221332');
INSERT INTO dividend_events VALUES(51,'AAPL','2013-02-07','2013-02-14','2013-02-11',2.649999999999999912,'polygon','2025-10-14 19:57:36.221799');
INSERT INTO dividend_events VALUES(52,'AAPL','2012-11-07','2012-11-15','2012-11-12',2.649999999999999912,'polygon','2025-10-14 19:57:36.222270');
INSERT INTO dividend_events VALUES(53,'AAPL','2012-08-09','2012-08-16','2012-08-13',2.649999999999999912,'polygon','2025-10-14 19:57:36.222742');
INSERT INTO dividend_events VALUES(54,'ULTY','2025-10-09','2025-10-10','2025-10-09',0.09039999999999999424,'polygon','2025-10-14 19:57:37.997537');
INSERT INTO dividend_events VALUES(55,'ULTY','2025-10-02','2025-10-03','2025-10-02',0.09130000000000000616,'polygon','2025-10-14 19:57:37.998429');
INSERT INTO dividend_events VALUES(56,'ULTY','2025-09-25','2025-09-26','2025-09-25',0.09210000000000000131,'polygon','2025-10-14 19:57:37.998918');
INSERT INTO dividend_events VALUES(57,'ULTY','2025-09-18','2025-09-19','2025-09-18',0.0926000000000000017,'polygon','2025-10-14 19:57:37.999383');
INSERT INTO dividend_events VALUES(58,'ULTY','2025-09-11','2025-09-12','2025-09-11',0.0927999999999999937,'polygon','2025-10-14 19:57:37.999837');
INSERT INTO dividend_events VALUES(59,'ULTY','2025-09-04','2025-09-05','2025-09-04',0.08999999999999999667,'polygon','2025-10-14 19:57:38.000279');
INSERT INTO dividend_events VALUES(60,'ULTY','2025-08-28','2025-08-29','2025-08-28',0.0948999999999999983,'polygon','2025-10-14 19:57:38.000719');
INSERT INTO dividend_events VALUES(61,'ULTY','2025-08-21','2025-08-22','2025-08-21',0.1000000000000000055,'polygon','2025-10-14 19:57:38.001154');
INSERT INTO dividend_events VALUES(62,'ULTY','2025-08-14','2025-08-15','2025-08-14',0.100599999999999995,'polygon','2025-10-14 19:57:38.001590');
INSERT INTO dividend_events VALUES(63,'ULTY','2025-08-07','2025-08-08','2025-08-07',0.1003000000000000002,'polygon','2025-10-14 19:57:38.002028');
INSERT INTO dividend_events VALUES(64,'ULTY','2025-07-31','2025-08-01','2025-07-31',0.1008000000000000007,'polygon','2025-10-14 19:57:38.002464');
INSERT INTO dividend_events VALUES(65,'ULTY','2025-07-24','2025-07-25','2025-07-24',0.1029000000000000053,'polygon','2025-10-14 19:57:38.002895');
INSERT INTO dividend_events VALUES(66,'ULTY','2025-07-17','2025-07-18','2025-07-17',0.1034999999999999948,'polygon','2025-10-14 19:57:38.003320');
INSERT INTO dividend_events VALUES(67,'ULTY','2025-07-10','2025-07-11','2025-07-10',0.0960000000000000019,'polygon','2025-10-14 19:57:38.003741');
INSERT INTO dividend_events VALUES(68,'ULTY','2025-07-03','2025-07-07','2025-07-03',0.0952000000000000069,'polygon','2025-10-14 19:57:38.004162');
INSERT INTO dividend_events VALUES(69,'ULTY','2025-06-26','2025-06-27','2025-06-26',0.0922999999999999931,'polygon','2025-10-14 19:57:38.004593');
INSERT INTO dividend_events VALUES(70,'ULTY','2025-06-20','2025-06-23','2025-06-20',0.08749999999999999444,'polygon','2025-10-14 19:57:38.005014');
INSERT INTO dividend_events VALUES(71,'ULTY','2025-06-12','2025-06-13','2025-06-12',0.0950000000000000011,'polygon','2025-10-14 19:57:38.005433');
INSERT INTO dividend_events VALUES(72,'ULTY','2025-06-05','2025-06-06','2025-06-05',0.0945000000000000006,'polygon','2025-10-14 19:57:38.005861');
INSERT INTO dividend_events VALUES(73,'ULTY','2025-05-29','2025-05-30','2025-05-29',0.0953999999999999987,'polygon','2025-10-14 19:57:38.006281');
INSERT INTO dividend_events VALUES(74,'ULTY','2025-05-22','2025-05-23','2025-05-22',0.0979000000000000009,'polygon','2025-10-14 19:57:38.006699');
INSERT INTO dividend_events VALUES(75,'ULTY','2025-05-15','2025-05-16','2025-05-15',0.1058999999999999942,'polygon','2025-10-14 19:57:38.007122');
INSERT INTO dividend_events VALUES(76,'ULTY','2025-05-08','2025-05-09','2025-05-08',0.1180999999999999967,'polygon','2025-10-14 19:57:38.007540');
INSERT INTO dividend_events VALUES(77,'ULTY','2025-05-01','2025-05-02','2025-05-01',0.0936000000000000026,'polygon','2025-10-14 19:57:38.007958');
INSERT INTO dividend_events VALUES(78,'ULTY','2025-04-24','2025-04-25','2025-04-24',0.08359999999999999376,'polygon','2025-10-14 19:57:38.008375');
INSERT INTO dividend_events VALUES(79,'ULTY','2025-04-17','2025-04-21','2025-04-17',0.08519999999999999796,'polygon','2025-10-14 19:57:38.008801');
INSERT INTO dividend_events VALUES(80,'ULTY','2025-04-10','2025-04-11','2025-04-10',0.0821999999999999953,'polygon','2025-10-14 19:57:38.009221');
INSERT INTO dividend_events VALUES(81,'ULTY','2025-04-03','2025-04-04','2025-04-03',0.09160000000000000086,'polygon','2025-10-14 19:57:38.009652');
INSERT INTO dividend_events VALUES(82,'ULTY','2025-03-27','2025-03-28','2025-03-27',0.0985999999999999932,'polygon','2025-10-14 19:57:38.010097');
INSERT INTO dividend_events VALUES(83,'ULTY','2025-03-20','2025-03-21','2025-03-20',0.0976999999999999952,'polygon','2025-10-14 19:57:38.010544');
INSERT INTO dividend_events VALUES(84,'ULTY','2025-03-13','2025-03-14','2025-03-13',0.1024999999999999939,'polygon','2025-10-14 19:57:38.011237');
INSERT INTO dividend_events VALUES(85,'ULTY','2025-03-06','2025-03-07','2025-03-06',0.4652999999999999914,'polygon','2025-10-14 19:57:38.011931');
INSERT INTO dividend_events VALUES(86,'ULTY','2025-02-06','2025-02-07','2025-02-06',0.5369000000000000438,'polygon','2025-10-14 19:57:38.012412');
INSERT INTO dividend_events VALUES(87,'ULTY','2025-01-08','2025-01-10','2025-01-08',0.5715000000000000079,'polygon','2025-10-14 19:57:38.012867');
INSERT INTO dividend_events VALUES(88,'ULTY','2024-12-12','2024-12-13','2024-12-12',0.7092000000000000526,'polygon','2025-10-14 19:57:38.013320');
INSERT INTO dividend_events VALUES(89,'ULTY','2024-11-14','2024-11-15','2024-11-14',0.8313000000000000389,'polygon','2025-10-14 19:57:38.013760');
INSERT INTO dividend_events VALUES(90,'ULTY','2024-10-17','2024-10-18','2024-10-17',0.8266999999999999905,'polygon','2025-10-14 19:57:38.014206');
INSERT INTO dividend_events VALUES(91,'ULTY','2024-09-19','2024-09-20','2024-09-19',0.982500000000000039,'polygon','2025-10-14 19:57:38.014642');
INSERT INTO dividend_events VALUES(92,'ULTY','2024-08-15','2024-08-16','2024-08-15',0.7802999999999999937,'polygon','2025-10-14 19:57:38.015074');
INSERT INTO dividend_events VALUES(93,'ULTY','2024-07-17','2024-07-18','2024-07-17',0.994800000000000017,'polygon','2025-10-14 19:57:38.015507');
INSERT INTO dividend_events VALUES(94,'ULTY','2024-06-14','2024-06-17','2024-06-14',1.13369999999999993,'polygon','2025-10-14 19:57:38.016005');
INSERT INTO dividend_events VALUES(95,'ULTY','2024-05-15','2024-05-17','2024-05-16',1.278200000000000002,'polygon','2025-10-14 19:57:38.016441');
INSERT INTO dividend_events VALUES(96,'ULTY','2024-04-17','2024-04-19','2024-04-18',1.417100000000000026,'polygon','2025-10-14 19:57:38.016872');
INSERT INTO dividend_events VALUES(97,'ULTY','2024-03-14','2024-03-18','2024-03-15',1.065299999999999913,'polygon','2025-10-14 19:57:38.017308');
INSERT INTO dividend_events VALUES(98,'WPAY','2025-10-14','2025-10-15','2025-10-14',0.8569350000000000022,'polygon','2025-10-14 20:05:15.948057');
INSERT INTO dividend_events VALUES(99,'WPAY','2025-10-07','2025-10-08','2025-10-07',0.7339040000000000008,'polygon','2025-10-14 20:05:15.954281');
INSERT INTO dividend_events VALUES(100,'WPAY','2025-09-30','2025-10-01','2025-09-30',0.8810789999999999455,'polygon','2025-10-14 20:05:15.955732');
INSERT INTO dividend_events VALUES(101,'WPAY','2025-09-23','2025-09-24','2025-09-23',0.5137089999999999713,'polygon','2025-10-14 20:05:15.956877');
INSERT INTO dividend_events VALUES(102,'WPAY','2025-09-16','2025-09-17','2025-09-16',0.5436739999999999907,'polygon','2025-10-14 20:05:15.957809');
CREATE TABLE user (
	id VARCHAR NOT NULL, 
	email VARCHAR, 
	created_at DATETIME NOT NULL, 
	PRIMARY KEY (id)
);
INSERT INTO user VALUES('demo','demo@example.com','2025-10-14 18:53:30.247920');
CREATE TABLE price (
	id INTEGER NOT NULL, 
	symbol VARCHAR NOT NULL, 
	date DATE NOT NULL, 
	close FLOAT NOT NULL, 
	PRIMARY KEY (id)
);
CREATE TABLE portfolio (
	id INTEGER NOT NULL, 
	user_id VARCHAR NOT NULL, 
	name VARCHAR NOT NULL, 
	created_at DATETIME NOT NULL, 
	PRIMARY KEY (id), 
	FOREIGN KEY(user_id) REFERENCES user (id)
);
INSERT INTO portfolio VALUES(1,'demo','Default','2025-10-14 18:53:30.282793');
INSERT INTO portfolio VALUES(2,'dev_user','Default','2025-10-14 19:59:16.933794');
INSERT INTO portfolio VALUES(3,'dev_user','Test Portfolio 1','2025-10-14 20:11:04.908911');
CREATE TABLE holding (
	id INTEGER NOT NULL, 
	portfolio_id INTEGER NOT NULL, 
	symbol VARCHAR NOT NULL, 
	shares FLOAT NOT NULL, 
	avg_price FLOAT NOT NULL, 
	reinvest_dividends BOOLEAN NOT NULL, 
	PRIMARY KEY (id), 
	FOREIGN KEY(portfolio_id) REFERENCES portfolio (id)
);
INSERT INTO holding VALUES(1,1,'AAPL',5.0,150.0,1);
INSERT INTO holding VALUES(2,1,'AAPL',5.0,150.0,1);
INSERT INTO holding VALUES(3,1,'TSLA',5.0,435.8999999999999773,1);
INSERT INTO holding VALUES(4,1,'ULTY',500.0,5.419999999999999929,1);
INSERT INTO holding VALUES(5,1,'AAPL',10.0,150.0,1);
INSERT INTO holding VALUES(6,2,'AAPL',10.0,150.0,1);
INSERT INTO holding VALUES(7,1,'WPAY',100.0,54.10000000000000142,1);
INSERT INTO holding VALUES(8,2,'WPAY',150.0,54.10000000000000142,1);
INSERT INTO holding VALUES(9,2,'ULTY',150.0,5.419999999999999929,1);
INSERT INTO holding VALUES(10,2,'WPAY',1500.0,54.10000000000000142,1);
INSERT INTO holding VALUES(11,1,'AAPL',5.0,247.6599999999999966,1);
INSERT INTO holding VALUES(12,2,'MSFT',5.0,514.0499999999999546,1);
INSERT INTO holding VALUES(13,2,'AAPL',20.0,247.6599999999999966,1);
INSERT INTO holding VALUES(14,2,'GOOGL',3.0,185.0,1);
CREATE TABLE user_profiles (
	id INTEGER NOT NULL, 
	user_id VARCHAR NOT NULL, 
	cash_balance FLOAT NOT NULL, 
	total_dividends_received FLOAT NOT NULL, 
	last_updated DATETIME NOT NULL, 
	PRIMARY KEY (id), 
	UNIQUE (user_id), 
	FOREIGN KEY(user_id) REFERENCES user (id)
);
INSERT INTO user_profiles VALUES(1,'dev_user',4253.665150000002541,3153.665150000000721,'2025-10-14 20:32:08.348822');
CREATE TABLE dividend_payments (
	id INTEGER NOT NULL, 
	user_id VARCHAR NOT NULL, 
	portfolio_id INTEGER NOT NULL, 
	symbol VARCHAR NOT NULL, 
	ex_date DATE NOT NULL, 
	pay_date DATE, 
	amount_per_share FLOAT NOT NULL, 
	shares_owned FLOAT NOT NULL, 
	total_amount FLOAT NOT NULL, 
	reinvested BOOLEAN NOT NULL, 
	processed_at DATETIME NOT NULL, 
	PRIMARY KEY (id), 
	CONSTRAINT uq_div_payment_user_symbol_ex UNIQUE (user_id, symbol, ex_date), 
	FOREIGN KEY(user_id) REFERENCES user (id), 
	FOREIGN KEY(portfolio_id) REFERENCES portfolio (id)
);
INSERT INTO dividend_payments VALUES(1,'dev_user',2,'AAPL','2012-08-09','2012-08-16',2.649999999999999912,10.0,26.5,1,'2025-10-14 19:59:25.227667');
INSERT INTO dividend_payments VALUES(2,'dev_user',2,'AAPL','2012-11-07','2012-11-15',2.649999999999999912,10.0,26.5,1,'2025-10-14 19:59:25.230725');
INSERT INTO dividend_payments VALUES(3,'dev_user',2,'AAPL','2013-02-07','2013-02-14',2.649999999999999912,10.0,26.5,1,'2025-10-14 19:59:25.231531');
INSERT INTO dividend_payments VALUES(4,'dev_user',2,'AAPL','2013-05-09','2013-05-16',3.049999999999999823,10.0,30.5,1,'2025-10-14 19:59:25.232217');
INSERT INTO dividend_payments VALUES(5,'dev_user',2,'AAPL','2013-08-08','2013-08-15',3.049999999999999823,10.0,30.5,1,'2025-10-14 19:59:25.232859');
INSERT INTO dividend_payments VALUES(6,'dev_user',2,'AAPL','2013-11-06','2013-11-14',3.049999999999999823,10.0,30.5,1,'2025-10-14 19:59:25.233477');
INSERT INTO dividend_payments VALUES(7,'dev_user',2,'AAPL','2014-02-06','2014-02-13',3.049999999999999823,10.0,30.5,1,'2025-10-14 19:59:25.234073');
INSERT INTO dividend_payments VALUES(8,'dev_user',2,'AAPL','2014-05-08','2014-05-15',3.290000000000000035,10.0,32.89999999999999858,1,'2025-10-14 19:59:25.234636');
INSERT INTO dividend_payments VALUES(9,'dev_user',2,'AAPL','2014-08-07','2014-08-14',0.4699999999999999734,10.0,4.699999999999999289,1,'2025-10-14 19:59:25.235197');
INSERT INTO dividend_payments VALUES(10,'dev_user',2,'AAPL','2014-11-06','2014-11-13',0.4699999999999999734,10.0,4.699999999999999289,1,'2025-10-14 19:59:25.235755');
INSERT INTO dividend_payments VALUES(11,'dev_user',2,'AAPL','2015-02-05','2015-02-12',0.4699999999999999734,10.0,4.699999999999999289,1,'2025-10-14 19:59:25.236310');
INSERT INTO dividend_payments VALUES(12,'dev_user',2,'AAPL','2015-05-07','2015-05-14',0.5200000000000000177,10.0,5.200000000000000177,1,'2025-10-14 19:59:25.236863');
INSERT INTO dividend_payments VALUES(13,'dev_user',2,'AAPL','2015-08-06','2015-08-13',0.5200000000000000177,10.0,5.200000000000000177,1,'2025-10-14 19:59:25.237676');
INSERT INTO dividend_payments VALUES(14,'dev_user',2,'AAPL','2015-11-05','2015-11-12',0.5200000000000000177,10.0,5.200000000000000177,1,'2025-10-14 19:59:25.238737');
INSERT INTO dividend_payments VALUES(15,'dev_user',2,'AAPL','2016-02-04','2016-02-11',0.5200000000000000177,10.0,5.200000000000000177,1,'2025-10-14 19:59:25.239479');
INSERT INTO dividend_payments VALUES(16,'dev_user',2,'AAPL','2016-05-05','2016-05-12',0.5699999999999999512,10.0,5.699999999999999289,1,'2025-10-14 19:59:25.240148');
INSERT INTO dividend_payments VALUES(17,'dev_user',2,'AAPL','2016-08-04','2016-08-11',0.5699999999999999512,10.0,5.699999999999999289,1,'2025-10-14 19:59:25.240775');
INSERT INTO dividend_payments VALUES(18,'dev_user',2,'AAPL','2016-11-03','2016-11-10',0.5699999999999999512,10.0,5.699999999999999289,1,'2025-10-14 19:59:25.241405');
INSERT INTO dividend_payments VALUES(19,'dev_user',2,'AAPL','2017-02-09','2017-02-16',0.5699999999999999512,10.0,5.699999999999999289,1,'2025-10-14 19:59:25.242015');
INSERT INTO dividend_payments VALUES(20,'dev_user',2,'AAPL','2017-05-11','2017-05-18',0.6300000000000000044,10.0,6.299999999999999823,1,'2025-10-14 19:59:25.242624');
INSERT INTO dividend_payments VALUES(21,'dev_user',2,'AAPL','2017-08-10','2017-08-17',0.6300000000000000044,10.0,6.299999999999999823,1,'2025-10-14 19:59:25.243206');
INSERT INTO dividend_payments VALUES(22,'dev_user',2,'AAPL','2017-11-10','2017-11-16',0.6300000000000000044,10.0,6.299999999999999823,1,'2025-10-14 19:59:25.243835');
INSERT INTO dividend_payments VALUES(23,'dev_user',2,'AAPL','2018-02-09','2018-02-15',0.6300000000000000044,10.0,6.299999999999999823,1,'2025-10-14 19:59:25.244545');
INSERT INTO dividend_payments VALUES(24,'dev_user',2,'AAPL','2018-05-11','2018-05-17',0.7299999999999999823,10.0,7.299999999999999823,1,'2025-10-14 19:59:25.245176');
INSERT INTO dividend_payments VALUES(25,'dev_user',2,'AAPL','2018-08-10','2018-08-16',0.7299999999999999823,10.0,7.299999999999999823,1,'2025-10-14 19:59:25.245809');
INSERT INTO dividend_payments VALUES(26,'dev_user',2,'AAPL','2018-11-08','2018-11-15',0.7299999999999999823,10.0,7.299999999999999823,1,'2025-10-14 19:59:25.246450');
INSERT INTO dividend_payments VALUES(27,'dev_user',2,'AAPL','2019-02-08','2019-02-14',0.7299999999999999823,10.0,7.299999999999999823,1,'2025-10-14 19:59:25.247345');
INSERT INTO dividend_payments VALUES(28,'dev_user',2,'AAPL','2019-05-10','2019-05-16',0.7700000000000000177,10.0,7.700000000000000177,1,'2025-10-14 19:59:25.248087');
INSERT INTO dividend_payments VALUES(29,'dev_user',2,'AAPL','2019-08-09','2019-08-15',0.7700000000000000177,10.0,7.700000000000000177,1,'2025-10-14 19:59:25.248755');
INSERT INTO dividend_payments VALUES(30,'dev_user',2,'AAPL','2019-11-07','2019-11-14',0.7700000000000000177,10.0,7.700000000000000177,1,'2025-10-14 19:59:25.249377');
INSERT INTO dividend_payments VALUES(31,'dev_user',2,'AAPL','2020-02-07','2020-02-13',0.7700000000000000177,10.0,7.700000000000000177,1,'2025-10-14 19:59:25.250065');
INSERT INTO dividend_payments VALUES(32,'dev_user',2,'AAPL','2020-05-08','2020-05-14',0.8199999999999999512,10.0,8.199999999999999289,1,'2025-10-14 19:59:25.250793');
INSERT INTO dividend_payments VALUES(33,'dev_user',2,'AAPL','2020-08-07','2020-08-13',0.8199999999999999512,10.0,8.199999999999999289,1,'2025-10-14 19:59:25.251451');
INSERT INTO dividend_payments VALUES(34,'dev_user',2,'AAPL','2020-11-06','2020-11-12',0.2049999999999999878,10.0,2.049999999999999822,1,'2025-10-14 19:59:25.252086');
INSERT INTO dividend_payments VALUES(35,'dev_user',2,'AAPL','2021-02-05','2021-02-11',0.2049999999999999878,10.0,2.049999999999999822,1,'2025-10-14 19:59:25.252757');
INSERT INTO dividend_payments VALUES(36,'dev_user',2,'AAPL','2021-05-07','2021-05-13',0.2200000000000000011,10.0,2.200000000000000178,1,'2025-10-14 19:59:25.253455');
INSERT INTO dividend_payments VALUES(37,'dev_user',2,'AAPL','2021-08-06','2021-08-12',0.2200000000000000011,10.0,2.200000000000000178,1,'2025-10-14 19:59:25.254077');
INSERT INTO dividend_payments VALUES(38,'dev_user',2,'AAPL','2021-11-05','2021-11-11',0.2200000000000000011,10.0,2.200000000000000178,1,'2025-10-14 19:59:25.254692');
INSERT INTO dividend_payments VALUES(39,'dev_user',2,'AAPL','2022-02-04','2022-02-10',0.2200000000000000011,10.0,2.200000000000000178,1,'2025-10-14 19:59:25.255313');
INSERT INTO dividend_payments VALUES(40,'dev_user',2,'AAPL','2022-05-06','2022-05-12',0.2300000000000000099,10.0,2.300000000000000266,1,'2025-10-14 19:59:25.255913');
INSERT INTO dividend_payments VALUES(41,'dev_user',2,'AAPL','2022-08-05','2022-08-11',0.2300000000000000099,10.0,2.300000000000000266,1,'2025-10-14 19:59:25.256521');
INSERT INTO dividend_payments VALUES(42,'dev_user',2,'AAPL','2022-11-04','2022-11-10',0.2300000000000000099,10.0,2.300000000000000266,1,'2025-10-14 19:59:25.258868');
INSERT INTO dividend_payments VALUES(43,'dev_user',2,'AAPL','2023-02-10','2023-02-16',0.2300000000000000099,10.0,2.300000000000000266,1,'2025-10-14 19:59:25.259673');
INSERT INTO dividend_payments VALUES(44,'dev_user',2,'AAPL','2023-05-12','2023-05-18',0.2399999999999999912,10.0,2.399999999999999912,1,'2025-10-14 19:59:25.260636');
INSERT INTO dividend_payments VALUES(45,'dev_user',2,'AAPL','2023-08-11','2023-08-17',0.2399999999999999912,10.0,2.399999999999999912,1,'2025-10-14 19:59:25.261410');
INSERT INTO dividend_payments VALUES(46,'dev_user',2,'AAPL','2023-11-10','2023-11-16',0.2399999999999999912,10.0,2.399999999999999912,1,'2025-10-14 19:59:25.262255');
INSERT INTO dividend_payments VALUES(47,'dev_user',2,'AAPL','2024-02-09','2024-02-15',0.2399999999999999912,10.0,2.399999999999999912,1,'2025-10-14 19:59:25.263173');
INSERT INTO dividend_payments VALUES(48,'dev_user',2,'AAPL','2024-05-10','2024-05-16',0.25,10.0,2.5,1,'2025-10-14 19:59:25.264062');
INSERT INTO dividend_payments VALUES(49,'dev_user',2,'AAPL','2024-08-12','2024-08-15',0.25,10.0,2.5,1,'2025-10-14 19:59:25.264694');
INSERT INTO dividend_payments VALUES(50,'dev_user',2,'AAPL','2024-11-08','2024-11-14',0.25,10.0,2.5,1,'2025-10-14 19:59:25.265288');
INSERT INTO dividend_payments VALUES(51,'dev_user',2,'AAPL','2025-02-10','2025-02-13',0.25,10.0,2.5,1,'2025-10-14 19:59:25.265905');
INSERT INTO dividend_payments VALUES(52,'dev_user',2,'AAPL','2025-05-12','2025-05-15',0.2600000000000000088,10.0,2.600000000000000088,1,'2025-10-14 19:59:25.266496');
INSERT INTO dividend_payments VALUES(53,'dev_user',2,'AAPL','2025-08-11','2025-08-14',0.2600000000000000088,10.0,2.600000000000000088,1,'2025-10-14 19:59:25.267059');
INSERT INTO dividend_payments VALUES(54,'dev_user',2,'ULTY','2024-03-14','2024-03-18',1.065299999999999913,150.0,159.7949999999999875,1,'2025-10-14 20:03:54.591986');
INSERT INTO dividend_payments VALUES(55,'dev_user',2,'ULTY','2024-04-17','2024-04-19',1.417100000000000026,150.0,212.5649999999999978,1,'2025-10-14 20:03:54.594309');
INSERT INTO dividend_payments VALUES(56,'dev_user',2,'ULTY','2024-05-15','2024-05-17',1.278200000000000002,150.0,191.7299999999999898,1,'2025-10-14 20:03:54.595131');
INSERT INTO dividend_payments VALUES(57,'dev_user',2,'ULTY','2024-06-14','2024-06-17',1.13369999999999993,150.0,170.0549999999999783,1,'2025-10-14 20:03:54.595869');
INSERT INTO dividend_payments VALUES(58,'dev_user',2,'ULTY','2024-07-17','2024-07-18',0.994800000000000017,150.0,149.2199999999999989,1,'2025-10-14 20:03:54.596578');
INSERT INTO dividend_payments VALUES(59,'dev_user',2,'ULTY','2024-08-15','2024-08-16',0.7802999999999999937,150.0,117.0450000000000017,1,'2025-10-14 20:03:54.597267');
INSERT INTO dividend_payments VALUES(60,'dev_user',2,'ULTY','2024-09-19','2024-09-20',0.982500000000000039,150.0,147.375,1,'2025-10-14 20:03:54.597948');
INSERT INTO dividend_payments VALUES(61,'dev_user',2,'ULTY','2024-10-17','2024-10-18',0.8266999999999999905,150.0,124.0049999999999955,1,'2025-10-14 20:03:54.598661');
INSERT INTO dividend_payments VALUES(62,'dev_user',2,'ULTY','2024-11-14','2024-11-15',0.8313000000000000389,150.0,124.6950000000000073,1,'2025-10-14 20:03:54.599340');
INSERT INTO dividend_payments VALUES(63,'dev_user',2,'ULTY','2024-12-12','2024-12-13',0.7092000000000000526,150.0,106.3800000000000097,1,'2025-10-14 20:03:54.600119');
INSERT INTO dividend_payments VALUES(64,'dev_user',2,'ULTY','2025-01-08','2025-01-10',0.5715000000000000079,150.0,85.72499999999999431,1,'2025-10-14 20:03:54.600940');
INSERT INTO dividend_payments VALUES(65,'dev_user',2,'ULTY','2025-02-06','2025-02-07',0.5369000000000000438,150.0,80.5350000000000108,1,'2025-10-14 20:03:54.601674');
INSERT INTO dividend_payments VALUES(66,'dev_user',2,'ULTY','2025-03-06','2025-03-07',0.4652999999999999914,150.0,69.7950000000000017,1,'2025-10-14 20:03:54.602470');
INSERT INTO dividend_payments VALUES(67,'dev_user',2,'ULTY','2025-03-13','2025-03-14',0.1024999999999999939,150.0,15.37499999999999822,1,'2025-10-14 20:03:54.603239');
INSERT INTO dividend_payments VALUES(68,'dev_user',2,'ULTY','2025-03-20','2025-03-21',0.0976999999999999952,150.0,14.65499999999999937,1,'2025-10-14 20:03:54.604214');
INSERT INTO dividend_payments VALUES(69,'dev_user',2,'ULTY','2025-03-27','2025-03-28',0.0985999999999999932,150.0,14.78999999999999915,1,'2025-10-14 20:03:54.605344');
INSERT INTO dividend_payments VALUES(70,'dev_user',2,'ULTY','2025-04-03','2025-04-04',0.09160000000000000086,150.0,13.74000000000000021,1,'2025-10-14 20:03:54.606113');
INSERT INTO dividend_payments VALUES(71,'dev_user',2,'ULTY','2025-04-10','2025-04-11',0.0821999999999999953,150.0,12.33000000000000007,1,'2025-10-14 20:03:54.606831');
INSERT INTO dividend_payments VALUES(72,'dev_user',2,'ULTY','2025-04-17','2025-04-21',0.08519999999999999796,150.0,12.77999999999999937,1,'2025-10-14 20:03:54.607525');
INSERT INTO dividend_payments VALUES(73,'dev_user',2,'ULTY','2025-04-24','2025-04-25',0.08359999999999999376,150.0,12.53999999999999915,1,'2025-10-14 20:03:54.608211');
INSERT INTO dividend_payments VALUES(74,'dev_user',2,'ULTY','2025-05-01','2025-05-02',0.0936000000000000026,150.0,14.04000000000000092,1,'2025-10-14 20:03:54.608886');
INSERT INTO dividend_payments VALUES(75,'dev_user',2,'ULTY','2025-05-08','2025-05-09',0.1180999999999999967,150.0,17.71499999999999986,1,'2025-10-14 20:03:54.609553');
INSERT INTO dividend_payments VALUES(76,'dev_user',2,'ULTY','2025-05-15','2025-05-16',0.1058999999999999942,150.0,15.88499999999999979,1,'2025-10-14 20:03:54.610580');
INSERT INTO dividend_payments VALUES(77,'dev_user',2,'ULTY','2025-05-22','2025-05-23',0.0979000000000000009,150.0,14.68500000000000049,1,'2025-10-14 20:03:54.611484');
INSERT INTO dividend_payments VALUES(78,'dev_user',2,'ULTY','2025-05-29','2025-05-30',0.0953999999999999987,150.0,14.31000000000000049,1,'2025-10-14 20:03:54.612326');
INSERT INTO dividend_payments VALUES(79,'dev_user',2,'ULTY','2025-06-05','2025-06-06',0.0945000000000000006,150.0,14.17500000000000071,1,'2025-10-14 20:03:54.613099');
INSERT INTO dividend_payments VALUES(80,'dev_user',2,'ULTY','2025-06-12','2025-06-13',0.0950000000000000011,150.0,14.25,1,'2025-10-14 20:03:54.613803');
INSERT INTO dividend_payments VALUES(81,'dev_user',2,'ULTY','2025-06-20','2025-06-23',0.08749999999999999444,150.0,13.125,1,'2025-10-14 20:03:54.614492');
INSERT INTO dividend_payments VALUES(82,'dev_user',2,'ULTY','2025-06-26','2025-06-27',0.0922999999999999931,150.0,13.84499999999999887,1,'2025-10-14 20:03:54.615166');
INSERT INTO dividend_payments VALUES(83,'dev_user',2,'ULTY','2025-07-03','2025-07-07',0.0952000000000000069,150.0,14.28000000000000113,1,'2025-10-14 20:03:54.615836');
INSERT INTO dividend_payments VALUES(84,'dev_user',2,'ULTY','2025-07-10','2025-07-11',0.0960000000000000019,150.0,14.40000000000000035,1,'2025-10-14 20:03:54.616502');
INSERT INTO dividend_payments VALUES(85,'dev_user',2,'ULTY','2025-07-17','2025-07-18',0.1034999999999999948,150.0,15.52499999999999857,1,'2025-10-14 20:03:54.617161');
INSERT INTO dividend_payments VALUES(86,'dev_user',2,'ULTY','2025-07-24','2025-07-25',0.1029000000000000053,150.0,15.43500000000000049,1,'2025-10-14 20:03:54.617821');
INSERT INTO dividend_payments VALUES(87,'dev_user',2,'ULTY','2025-07-31','2025-08-01',0.1008000000000000007,150.0,15.12000000000000099,1,'2025-10-14 20:03:54.618482');
INSERT INTO dividend_payments VALUES(88,'dev_user',2,'ULTY','2025-08-07','2025-08-08',0.1003000000000000002,150.0,15.04499999999999993,1,'2025-10-14 20:03:54.619167');
INSERT INTO dividend_payments VALUES(89,'dev_user',2,'ULTY','2025-08-14','2025-08-15',0.100599999999999995,150.0,15.08999999999999986,1,'2025-10-14 20:03:54.619826');
INSERT INTO dividend_payments VALUES(90,'dev_user',2,'ULTY','2025-08-21','2025-08-22',0.1000000000000000055,150.0,15.0,1,'2025-10-14 20:03:54.621076');
INSERT INTO dividend_payments VALUES(91,'dev_user',2,'ULTY','2025-08-28','2025-08-29',0.0948999999999999983,150.0,14.23499999999999944,1,'2025-10-14 20:03:54.621868');
INSERT INTO dividend_payments VALUES(92,'dev_user',2,'ULTY','2025-09-04','2025-09-05',0.08999999999999999667,150.0,13.5,1,'2025-10-14 20:03:54.622588');
INSERT INTO dividend_payments VALUES(93,'dev_user',2,'ULTY','2025-09-11','2025-09-12',0.0927999999999999937,150.0,13.91999999999999815,1,'2025-10-14 20:03:54.623292');
INSERT INTO dividend_payments VALUES(94,'dev_user',2,'ULTY','2025-09-18','2025-09-19',0.0926000000000000017,150.0,13.89000000000000056,1,'2025-10-14 20:03:54.623990');
INSERT INTO dividend_payments VALUES(95,'dev_user',2,'ULTY','2025-09-25','2025-09-26',0.09210000000000000131,150.0,13.81499999999999951,1,'2025-10-14 20:03:54.624681');
INSERT INTO dividend_payments VALUES(96,'dev_user',2,'ULTY','2025-10-02','2025-10-03',0.09130000000000000616,150.0,13.69500000000000028,1,'2025-10-14 20:03:54.625388');
INSERT INTO dividend_payments VALUES(97,'dev_user',2,'ULTY','2025-10-09','2025-10-10',0.09039999999999999424,150.0,13.55999999999999873,1,'2025-10-14 20:03:54.626081');
INSERT INTO dividend_payments VALUES(98,'dev_user',2,'WPAY','2025-09-16','2025-09-17',0.5436739999999999907,150.0,81.55110000000000526,1,'2025-10-14 20:32:08.312284');
INSERT INTO dividend_payments VALUES(99,'dev_user',2,'WPAY','2025-09-23','2025-09-24',0.5137089999999999713,150.0,77.05634999999999479,1,'2025-10-14 20:32:08.314482');
INSERT INTO dividend_payments VALUES(100,'dev_user',2,'WPAY','2025-09-30','2025-10-01',0.8810789999999999455,150.0,132.1618499999999869,1,'2025-10-14 20:32:08.315241');
INSERT INTO dividend_payments VALUES(101,'dev_user',2,'WPAY','2025-10-07','2025-10-08',0.7339040000000000008,150.0,110.0855999999999995,1,'2025-10-14 20:32:08.315961');
INSERT INTO dividend_payments VALUES(102,'dev_user',2,'WPAY','2025-10-14','2025-10-15',0.8569350000000000022,150.0,128.5402500000000146,1,'2025-10-14 20:32:08.316665');
CREATE INDEX ix_dividend_events_symbol ON dividend_events (symbol);
CREATE INDEX ix_dividend_events_ex_date ON dividend_events (ex_date);
COMMIT;
